{"cameraMode":{"drawMode":0,"name":"Shaded","section":"Shading Mode"},"sceneLighting":false,"audioPlay":false,"sceneViewState":{"showFog":true,"showMaterialUpdate":false,"showSkybox":false,"showFlares":true,"showImageEffects":true,"showParticleSystems":true},"in2DMode":false,"pivot":{"x":-0.11706161499023438,"y":-4.027020454406738,"z":0.01025390625},"rotation":{"x":-0.00000674997545502265,"y":0.9999887347221375,"z":-0.0014999842969700695,"w":-0.00449997978284955},"size":2.2658090591430666,"orthographic":true}